backend,codec,Nx,Ny,Nz,Nt,total_bytes,on_disk_bytes,repeat,write_sec,read_sec,write_MBps,read_MBps,julia_threads,rayon_threads
zarrjl_optimized_v3,none,64,64,16,50,13107200,13107529,1,0.030884125,0.014328792,404.73868047095397,872.3694223490717,1,1
zarrjl_optimized_v3,none,64,64,16,50,13107200,13107529,2,0.032734791,0.010431541,381.8567224088891,1198.28892011257,1,1
zarrjl_optimized_v3,none,64,64,16,50,13107200,13107529,3,0.038043292,0.011832833,328.573037265019,1056.3826938147442,1,1
zarrsjl,none,64,64,16,50,13107200,13107897,1,0.034803334,0.007208375,359.1609930244039,1734.094022577904,1,1
zarrsjl,none,64,64,16,50,13107200,13107897,2,0.034702209,0.006310541,360.20761675431095,1980.812738559182,1,1
zarrsjl,none,64,64,16,50,13107200,13107897,3,0.031017292,0.006651667,403.0010098882907,1879.2281694197861,1,1
zarrjl_optimized_v3,none,128,128,16,50,52428800,52429133,1,0.033568959,0.114829625,1489.4712701695635,435.42770430540025,1,1
zarrjl_optimized_v3,none,128,128,16,50,52428800,52429133,2,0.031348042,0.029000542,1594.9959490292886,1724.1057080933176,1,1
zarrjl_optimized_v3,none,128,128,16,50,52428800,52429133,3,0.034090541,0.033124625,1466.6825029265449,1509.4510503892498,1,1
zarrsjl,none,128,128,16,50,52428800,52429501,1,0.053708084,0.019749709,930.9585499270463,2531.68287188434,1,1
zarrsjl,none,128,128,16,50,52428800,52429501,2,0.053961875,0.023073709,926.5801086415178,2166.96847481261,1,1
zarrsjl,none,128,128,16,50,52428800,52429501,3,0.050193333,0.020680875,996.1482334715648,2417.692674995618,1,1
zarrjl_optimized_v3,none,128,128,32,50,104857600,104857933,1,0.042900084,0.062178583,2330.9977668108995,1608.2708092591945,1,1
zarrjl_optimized_v3,none,128,128,32,50,104857600,104857933,2,0.048641,0.05663575,2055.878785386814,1765.669210701721,1,1
zarrjl_optimized_v3,none,128,128,32,50,104857600,104857933,3,0.041724208,0.144122916,2396.6901900211024,693.8521837845691,1,1
zarrsjl,none,128,128,32,50,104857600,104858301,1,0.081784417,0.06205325,1222.7268184842596,1611.5191388041724,1,1
zarrsjl,none,128,128,32,50,104857600,104858301,2,0.094916042,0.047125166,1053.5626843774205,2122.0084402461307,1,1
zarrsjl,none,128,128,32,50,104857600,104858301,3,0.087316208,0.046068667,1145.2627443463875,2170.672748139207,1,1
zarrjl_optimized_v3,none,256,256,16,50,209715200,209715533,1,0.067240833,0.192787333,2974.383140077994,1037.4125565604459,1,1
zarrjl_optimized_v3,none,256,256,16,50,209715200,209715533,2,0.064387708,0.111429375,3106.1829378986436,1794.8588511781566,1,1
zarrjl_optimized_v3,none,256,256,16,50,209715200,209715533,3,0.076417167,0.203565833,2617.2129621083704,982.4831458823446,1,1
zarrsjl,none,256,256,16,50,209715200,209715901,1,0.146876708,0.091866833,1361.686292696593,2177.0642730222344,1,1
zarrsjl,none,256,256,16,50,209715200,209715901,2,0.155981083,0.16584975,1282.2067660602152,1205.910771647229,1,1
zarrsjl,none,256,256,16,50,209715200,209715901,3,0.158865,0.0852785,1258.930538507538,2345.257010852677,1,1
zarrjl_optimized_v3,none,256,256,32,50,419430400,419430733,1,0.120973625,0.253483875,3306.5058602649956,1578.0096465702206,1,1
zarrjl_optimized_v3,none,256,256,32,50,419430400,419430733,2,0.104805,0.269541083,3816.6118028720007,1484.003831801774,1,1
zarrjl_optimized_v3,none,256,256,32,50,419430400,419430733,3,0.111816292,0.274175166,3577.296231572408,1458.9213379011867,1,1
zarrsjl,none,256,256,32,50,419430400,419431101,1,0.379199208,0.168987083,1054.8545238522756,2367.0448231833197,1,1
zarrsjl,none,256,256,32,50,419430400,419431101,2,0.372220416,0.157452292,1074.63208036391,2540.4520627746724,1,1
zarrsjl,none,256,256,32,50,419430400,419431101,3,0.281718375,0.257639333,1419.8576858893211,1552.5579706418505,1,1
zarrjl_optimized_v3,none,256,256,64,50,838860800,838861133,1,0.215688125,0.574113667,3709.059087049878,1393.4522830302174,1,1
zarrjl_optimized_v3,none,256,256,64,50,838860800,838861133,2,0.2150935,0.495993417,3719.312763984035,1612.9246328283425,1,1
zarrjl_optimized_v3,none,256,256,64,50,838860800,838861133,3,0.285964625,0.478755916,2797.5488226909188,1670.9976279436723,1,1
zarrsjl,none,256,256,64,50,838860800,838861501,1,0.618763084,0.4486345,1292.9019534074207,1783.1887650191861,1,1
zarrsjl,none,256,256,64,50,838860800,838861501,2,0.622553416,0.460783792,1285.0302952959782,1736.1721785561415,1,1
zarrsjl,none,256,256,64,50,838860800,838861501,3,0.630647292,0.462052625,1268.537913582288,1731.4045126353303,1,1
zarrjl_optimized_v3,none,512,512,32,50,1677721600,1677721933,1,0.429334708,1.056024917,3726.6961421623523,1515.1157650193968,1,1
zarrjl_optimized_v3,none,512,512,32,50,1677721600,1677721933,2,0.455271334,0.969265875,3514.3877518982995,1650.7338608201799,1,1
zarrjl_optimized_v3,none,512,512,32,50,1677721600,1677721933,3,0.40659925,1.05468,3935.078581674708,1517.047824932681,1,1
zarrsjl,none,512,512,32,50,1677721600,1677722301,1,1.276774083,0.81556575,1253.1582691908384,1961.828338181195,1,1
zarrsjl,none,512,512,32,50,1677721600,1677722301,2,1.253511917,0.820362542,1276.4138723381598,1950.3572117021404,1,1
zarrsjl,none,512,512,32,50,1677721600,1677722301,3,1.393734292,0.786588292,1147.995001044288,2034.1009601500652,1,1
zarrjl_optimized_v3,none,512,512,64,20,1342177280,1342177613,1,0.333501834,0.935386542,3838.0598530681546,1368.4182340951404,1,1
zarrjl_optimized_v3,none,512,512,64,20,1342177280,1342177613,2,0.33435975,0.838907291,3828.2119782659247,1525.7943443001975,1,1
zarrjl_optimized_v3,none,512,512,64,20,1342177280,1342177613,3,0.417570416,0.791457458,3065.351258025904,1617.2694906868892,1,1
zarrsjl,none,512,512,64,20,1342177280,1342177981,1,0.921819042,0.69028925,1388.5588620765332,1854.2951378715518,1,1
zarrsjl,none,512,512,64,20,1342177280,1342177981,2,0.960039834,0.689868542,1333.2780106288797,1855.4259573702955,1,1
zarrsjl,none,512,512,64,20,1342177280,1342177981,3,0.950980333,0.68922575,1345.9794651715474,1857.15638163548,1,1
zarrjl_optimized_v3,none,512,512,64,50,3355443200,3355443533,1,0.84938975,1.864726333,3767.4106615955748,1716.0695075570643,1,1
zarrjl_optimized_v3,none,512,512,64,50,3355443200,3355443533,2,0.854756542,2.004360792,3743.7560787923167,1596.5189564534248,1,1
zarrjl_optimized_v3,none,512,512,64,50,3355443200,3355443533,3,0.862985375,1.9226665,3708.058204346742,1664.3552066882114,1,1
zarrsjl,none,512,512,64,50,3355443200,3355443901,1,2.601915583,1.601399208,1229.8631135105509,1998.2525181815877,1,1
zarrsjl,none,512,512,64,50,3355443200,3355443901,2,2.554334958,1.732426375,1252.772268561655,1847.120342992931,1,1
zarrsjl,none,512,512,64,50,3355443200,3355443901,3,2.420247125,1.618301709,1322.1790316143852,1977.3815860191987,1,1
